Name,Age,Salary
Mckenzie Roth,25,111378
Roy Hamilton,51,113406
Mackenzie Kennedy,57,73070
Maxwell McLean,38,84151
Sky Gentry,33,75313
Magnus Wells,23,90741
Cecilia Luna,38,63762
Erick Valentine,62,22496
August Roman,61,94961
Kian Harper,49,53927
Ana Spence,50,95787
Cillian Leal,40,78458
Murphy Noble,20,112151
Idris Person,64,53403
Dylan Nixon,57,111860
Cory Frost,27,27108
Paula Herman,57,39640
Juelz Michael,64,52365
Aubriella Ball,42,113102
Shane O’Neill,57,10874
Kenna Sawyer,35,114640
Jefferson Small,39,55046
Zaria Cortez,20,113487
Zayn Cuevas,29,101656
Adele Warren,39,18682
Abel Costa,53,57147
Robin Bullock,65,94258
Ben Hendrix,50,111687
Zhuri Frazier,37,44952
Callum Rich,33,73489
Sunny Chase,48,116830
Otis Gentry,37,86145
Amelie Liu,51,11563
Pedro Mueller,31,119620
Imani Harding,35,33013
Brodie Durham,25,69920
Tiffany Marshall,27,112553
Kaiden Trejo,36,98692
Rosalyn Cantu,62,87248
Anakin Rice,53,92324
Ada Peters,53,110573
Patrick Gonzalez,29,60526
Abigail Rollins,57,17098
Wes Blanchard,43,36193
Layne Woodward,29,24488
Jeremias Stanley,56,76996
Gracelyn Olsen,39,28277
Skyler Barr,49,64397
Noemi Gilmore,43,57762
Vihaan Leonard,34,102271
Demi Clements,39,21923
Fisher Barker,58,50346
Remington Duncan,40,96185
Avery Hines,53,36449
Poppy Cardenas,43,86434
Johnathan Powell,26,104189
Vivian Wilkins,30,35496
Yusuf Austin,40,90212
Alivia Lucas,59,111529
Chance Evans,27,77921
Eliana Neal,24,14541
Kane Gordon,21,93539
Taylor Luna,24,89989
Erick Yang,51,61568
Angelina Matthews,52,118594
Preston Briggs,24,39772
Alia O’Neill,26,67135
Marcel Hendricks,47,64725
Dani Brady,42,16765
Reed Bowman,22,114532
Fiona Clements,42,102578
Fisher Grimes,40,108733
Braelyn Hanson,62,73532
Khalil Hogan,43,23232
Kathryn Reynolds,40,68382
Vincent Jimenez,59,40477
Adeline Hurley,64,79986
Van Meadows,37,102512
Pearl Manning,56,41129
Seth Hall,20,91605
Leah Welch,59,20614
Hendrix Lynch,39,107634
Malia Bates,46,95174
Ellis Kelley,27,117020
Rosalie Short,45,47220
Hezekiah Kaur,33,118076
Holland Ruiz,35,23138
Austin Benjamin,22,73314
Jianna Reeves,36,74878
Clark Yu,24,71978
Navy Daniels,54,74108
Xander McBride,58,86430
Kelsey Williams,53,33138
Oliver Brooks,35,103266
Autumn Ashley,59,111587
Kylen Wiley,55,70314
Lauryn Estes,19,28398
Hakeem Faulkner,23,85720
Ansley Sloan,59,62337
Ocean Frost,34,106983
Keyla Solomon,60,78214
Musa Hall,61,45323
Leah Booth,42,81884
Chaim Benton,62,55655
Anais Reed,21,58881
Easton Delgado,49,74473
Alani Carpenter,35,91776
Jeremy Rosas,62,106671
Joelle Elliott,65,78714
Blake Moss,18,73483
Bianca Gentry,65,111497
Magnus Perry,24,62589
Clara Avery,33,54084
Jakari Haynes,23,59812
Lexi Moreno,25,83052
Myles Garza,62,82535
River Dickerson,42,27661
Flynn Huber,33,79276
Raquel Leon,64,62042
Marshall Vasquez,23,29563
Rose Herman,58,35496
Juelz Bullock,53,48962
Winnie Mendez,31,23646
Arthur Lang,44,70898
Amirah McConnell,44,63623
London Delarosa,29,93333
Iyla Bradford,38,18146
Ander Mendoza,33,58973
Cora Gibson,26,69524
Tyler Carey,48,74946
Alora Boone,33,74845
Mauricio Petersen,44,28517
Fernanda Hurst,20,10546
Neil McCarty,24,92735
Halo Blake,45,104384
Zyaire Ware,64,19315
Eileen O’Connell,25,110054
Jovanni Allison,23,109301
Chelsea Avila,57,92006
Jaylen Franklin,64,49358
Angela Gilbert,52,111869
Tobias Christian,48,16841
Anahi Roach,54,99582
Caspian Mann,38,47841
Paislee Kelly,52,107491
Cooper McConnell,32,57651
Denise Proctor,32,21852
Vance Singleton,30,85475
Malaysia Levy,39,59370
Harold Walton,27,113432
Scarlet Hendrix,37,64486
Korbyn Corona,59,87576
Marianna Whitney,65,114251
Jeffery Stanley,21,30421
Gracelyn Hutchinson,26,112828
Korbin Garner,23,72757
Jacqueline Bartlett,50,42793
Kace McCall,36,29286
Kai Sullivan,34,63588
Evan Hurst,54,59179
Adalee Elliott,54,29931
Blake Malone,61,104115
Skyler Galvan,47,113633
Kingsley O’Connor,57,44975
Charli Soto,25,74557
Barrett Adkins,57,114418
Emelia Reyes,38,89205
Eli Yu,19,97817
Navy Estes,42,65137
Hakeem Casey,47,78963
Sylvia Esparza,45,41619
Carl Rodgers,43,111456
Selah Hodges,35,33548
Alonzo Jefferson,18,118479
Julieta Choi,51,91375
Khari Padilla,51,91688
Maggie Buck,55,71615
Jon Meadows,34,89050
Pearl Pope,53,111947
Gunnar Morrow,62,107248
Reyna Figueroa,21,41952
Spencer Carroll,54,56437
Zara Hess,21,119285
Lawrence Andrade,48,39889
Emmy Farley,26,90173
Graysen Young,21,90122
Zoey Rodgers,54,51567
Mathias Spencer,55,77932
Alyssa Harrington,27,15170
Omari Stout,49,89400
Chana Stein,20,117190
Creed McIntyre,56,95334
Rebekah Torres,41,28612
Jayden Acosta,58,62639
Kaia Holland,46,102477
Brady Klein,64,27557
Elianna Frye,34,28792
Franco Benson,47,72808
Collins Enriquez,49,87953
Elisha Gray,65,31426
Sarah Pennington,46,104039
Bobby Holloway,20,77374
Mae Dejesus,18,74808
Rio Parrish,57,32041
Tiana Schaefer,50,111130
Ishaan Mills,41,33579
June Sandoval,50,41947
Brantley Chavez,18,62641
Nevaeh Vaughn,22,41804
Remy Hernandez,26,95412
Camila Taylor,40,14233
Jackson Medrano,57,37030
Halle Higgins,48,109108
Sterling Romero,27,97110
Eliza Harris,35,107639
Samuel Reilly,52,112024
Tori Parrish,56,54912
Karsyn Bridges,56,96271
Elora Hughes,35,78499
Everett Arellano,47,82321
Faye Torres,26,34108
Jayden Browning,46,110795
Princess Yu,21,86487
Bryant Rosales,52,51858
Kinley Golden,46,40563
Amias Fowler,62,18285
Lennon Delgado,54,108398
Colt Collins,35,116330
Kinsley Trejo,18,41550
Wesson Weiss,38,85304
Lennox Dejesus,36,16261
Rio Coleman,49,70785
Julia Rasmussen,34,117004
Will Cruz,57,100206
Claire Dillon,26,37114
Alvin Yang,30,118103
Angelina Webb,22,119489
Lorenzo Wong,49,82207
Adelaide Hampton,36,67664
Hank Powell,47,58095
Vivian Hurley,52,11429
Van Saunders,37,18319
Meadow Shepherd,19,117685
Ronald Krueger,64,51923
Kamari Orr,25,47496
Benicio Ochoa,42,117037
Luciana Marin,48,74721
Aldo Meadows,53,47990
Pearl Jennings,64,97141
Corbin Horton,45,85423
Aitana Roy,49,94385
Marcelo Warren,62,95611
Sloane Kaur,32,43107
Augustine Kennedy,33,28285
Brianna Stevenson,43,93133
Callan Nichols,20,53831
Aliyah Chapman,30,60903
Knox Barrera,55,27823
Beatrice Taylor,20,52000
Jackson Nielsen,32,29774
Vienna Wallace,21,102678
Chase Lucero,59,62682
Ila Pruitt,50,73757
Gatlin Park,20,112882
Lia Moon,56,112843
Nova Little,23,63778
Harley Quintana,44,109801
Kelvin Alvarez,19,77690
Leilani Rich,56,99054
Miller Wilcox,26,38869
Ashlyn Munoz,58,18661
Justin Lyons,63,69931
Kenzie Melendez,52,71807
Nikolas Wiley,20,74961
Lauryn Sanders,59,11940
Jose Alfaro,46,54089
Yasmin Grimes,47,71893
Harlan Livingston,59,41466
Milena Wright,45,15341
Grayson Spencer,65,49938
Alyssa Zhang,35,95871
Isaias Corona,28,91794
Marianna Martinez,23,78886
Alexander Waller,46,57933
Whitley Paul,65,112902
Noel Rangel,62,90517
Gloria Finley,64,106560
Calum Bean,20,82892
Jenesis Figueroa,33,104668
Spencer Odom,37,90653
Laylani Koch,57,77698
Salvador Guerra,44,118462
Edith Weeks,61,86344
Anders Terry,27,18437
Wren Hebert,48,47122
Guillermo Morrow,61,82079
Reyna Giles,34,15193
Kole Myers,50,67471
Lydia Poole,65,87719
Quincy Reynolds,30,50147
Isabelle Miller,27,58621
Benjamin Day,57,66251
Hayden Woodward,56,50025
Jeremias Carey,24,109498
Alora Hudson,37,14659
Peter Esquivel,45,81417
Jaylee Flowers,50,22216
Saul Bravo,38,116771
Amoura Juarez,38,75524
Joaquin Lynch,53,53358
Malia Barnes,46,104428
Damian Compton,32,78475
Elina Gonzales,28,83227
Brayden Byrd,40,78342
Giselle Arnold,59,62095
Abraham Maddox,53,24640
Zainab Howard,52,77636
Jeremiah Ellis,53,27063
Ayla Liu,47,22885
Pedro Guerrero,37,22365
Margot Rivers,43,64508
Bear Hamilton,63,42880
Mackenzie Hamilton,22,14471
Jason Frank,59,112676
Dior Browning,18,61269
Rohan Schultz,38,68082
Briella Hudson,45,25251
Peter Mendez,28,71142
Londyn Torres,40,66859
Jayden Turner,21,115879
Brooklyn Payne,49,31244
Edward James,58,20588
Quinn Paul,38,89915
Noel Owens,28,80059
Amaya Hoffman,53,117759
Steven Jenkins,21,33760
Rylee Pearson,48,116118
Gunner Hampton,18,80117
Leona Mueller,42,110514
Albert Donovan,20,16253
Azariah Glenn,57,70272
Zaid Lozano,36,82510
Cecelia Clements,21,11254
Fisher Cano,41,77546
Egypt Newman,23,116089
Anderson Koch,33,67555
Milana Jacobson,53,67133
Legacy Villanueva,62,53748
Monroe Orr,31,27279
Benicio Dickson,60,92645
Emmalynn Fernandez,46,18532
Bentley English,43,32762
Kelly Harvey,44,64862
Cayden Johnson,65,20504
Emma Aguilar,41,51490
Milo Stevens,21,99585
Katherine Cline,41,100221
Cullen McKee,62,74820
Kori Lewis,56,111222
Wyatt Singh,50,26796
Vivienne Lugo,41,114724
Santos Montgomery,44,94005
Evangeline Boyle,49,80045
Robin Wang,25,88598
Kailani Martin,35,34652
Mateo Houston,23,102439
Lylah Walsh,33,58784
Bodhi Newton,35,46343
Braelynn Hensley,37,12055
Layne Hail,31,85111
Lainey Griffith,62,88231
Franklin Banks,41,38482
Cali Chase,56,89282
Otis Saunders,62,59358
Meadow Montoya,49,108050
Ford Reed,53,33882
Valentina Clements,28,19469
Fisher Torres,20,100151
Violet Hogan,57,63697
Sonny Davenport,37,82523
Adrianna Noble,38,30916
Idris Williams,64,57297
Ava McCann,57,12053
Heath Fry,43,15076
Clarissa Burgess,62,76928
Kolton Foley,45,70851
Zaylee Dejesus,45,110800
Rio Carson,62,38900
Nalani Crosby,19,19685
Tristen Lucas,45,43909
Phoenix Ashley,34,117314
Kylen Pope,54,61198
Aurelia Tang,49,32506
Rogelio Maxwell,53,106119
Kyla Sexton,25,32579
Mylo Shepard,48,26004
Noor Middleton,54,117948
Misael Washington,48,16850
Valerie Beltran,59,84974
Ricky Ho,39,47911
Calliope Marks,48,43093
Amos Gill,39,29276
Jordan Andrade,65,67683
Abdiel Barrera,20,34678
Beatrice Estes,61,55273
Hakeem Perry,56,25504
Clara Bush,34,28495
Tyson Lowe,43,75650
Amari Dominguez,54,15669
Kaden Frye,35,58546
Raya Bates,55,82844
Ellis Reid,48,34021
Charlee Shah,23,28079
Zain Webster,57,62549
Kensley Sloan,26,49518
Ocean Leblanc,20,29697
Novalee Barton,37,54538
Cassius Walker,51,53301
Hazel Palacios,20,21000
Thaddeus Paul,29,27653
Daphne Miller,47,99218
Benjamin Mayer,29,91752
Ainhoa George,36,23821
Mark Snyder,59,115585
Callie Mata,35,84277
Ray Turner,23,82592
Brooklyn Allen,20,101451
Carter Austin,33,43491
Alivia Harmon,18,67801
Roberto Marsh,18,90254
Adelina Adams,51,66524
Hudson Reyna,47,54430
Luella Glenn,23,88247
Zaid Hardin,61,31477
Vada Brennan,52,71773
Curtis Cunningham,50,58170
Marley Harper,39,29358
Hayes Pineda,39,36642
Nola Torres,55,46944
Jayden Mendoza,42,50752
Cora Friedman,44,43297
Darwin Bradshaw,59,13588
Berkley Vega,26,19722
Aidan Montgomery,49,91395
Evangeline Logan,28,69261
Rocco Sandoval,31,101683
Elsie Roberson,27,40115
Shepherd Rosales,24,40873
Kinley Johnston,21,103874
Felix Howard,40,79627
Sophie Escobar,51,85522
Zachariah York,23,42544
Milan Morrison,37,22233
Maximus Ashley,19,109786
Khalani Chung,54,93424
Ira Jefferson,27,42552
Julieta Esquivel,61,87027
Bridger Singh,51,72208
Vivienne Myers,29,69364
Adam Ramos,33,99115
Alice Massey,29,36947
Donald Dunn,62,89616
Olive Bender,28,97218
Zavier Glover,32,111057
Alessia Bowers,64,10709
Dorian Saunders,54,44190
Meadow Dickson,45,92221
Maxton Sanders,45,103281
Everleigh Dunlap,58,66894
Aries Swanson,27,98157
Helen Shah,65,96629
Zain Maddox,22,24345
Zainab Jennings,26,90860
Corbin Crawford,33,57444
Aubree Huang,40,51915
Ayaan Stein,62,69306
Leilany Tucker,54,20040
Ivan Lara,61,22708
Heidi Warner,51,38733
Jaxton Hahn,46,73034
Fallon Schneider,23,27478
Raymond Campbell,25,48236
Addison Lynch,41,90062
Zane Boyd,36,34946
Georgia McIntyre,39,11077
Eliseo Edwards,25,67634
Ivy Bryan,28,20637
Jaxtyn Santos,47,53111
Alana Duke,62,35962
Kalel Mays,58,76435
Denisse Avery,22,73118
Jakari Salazar,46,100495
Freya Cobb,56,49005
Raphael Salas,42,69976
Amber Patton,64,63529
Moises Davenport,48,12029
Adrianna Bond,54,66947
Roger Tucker,24,106377
Esther Hampton,26,53304
Hank Perez,28,68639
Eleanor Compton,38,49329
Abner Ryan,53,75293
Morgan Neal,28,25270
Kane Melton,62,98927
Kamiyah Barr,32,81492
Harley Pearson,37,12802
Kiara Campos,23,36514
Gideon Webb,57,11362
Ariella McLaughlin,39,48920
Ibrahim Gould,60,46882
Violeta Valdez,50,119410
Kyler Gardner,57,26901
Jordyn Mason,29,82886
Brandon Zamora,49,72569
Sierra McCann,60,49780
Heath Howard,51,93837
Sophie Phillips,58,89678
Andrew Dunn,22,60931
Olive Roy,43,32290
Marcelo Juarez,52,112008
Juliet Harrison,62,54540
Gavin Hebert,61,23070
Kyleigh Hunter,25,38948
Archer Mercado,44,89080
Mckinley Ross,45,85275
Wesley Valdez,63,65474
Diana Watkins,61,58395
Nash Vu,26,107398
Kimora King,60,85396
Julian Browning,39,53770
Princess Aguilar,24,96540
Milo Wall,61,84290
Jayda Wall,54,56542
Issac Pearson,18,79630
Kiara Johnson,23,59401
Noah Deleon,42,52158
Gabrielle Ibarra,43,101568
Asa May,58,56286
Adriana Ramirez,57,118096
David Kane,32,99288
Ellianna Conway,59,83071
Orlando Cochran,36,105657
Alma Hanna,29,86907
Aydin Rosales,32,77647
Kinley Rodgers,30,105253
Mathias Leon,39,76168
Amora Huang,53,23830
Ayaan Odom,59,94008
Laylani Lambert,21,39967
Mario Davenport,19,35622
Adrianna McKee,38,77946
Bjorn Salinas,43,45788
Royalty Gallagher,61,38748
Marcos Cochran,28,98358
Alma Freeman,65,116153
Jayce Pierce,30,100728
Arabella O’Donnell,51,36858
Lian Richmond,18,112840
Whitney Evans,62,23880
Elias Blevins,26,50202
Aila Morrow,53,54598
Kyree Phillips,53,47830
Naomi Floyd,31,60101
Pierce Adkins,27,26791
Emelia Trujillo,23,83244
Apollo Sierra,61,46557
Marceline McKenzie,32,111419
Scott Frost,58,77963
Paula Flowers,39,110276
Saul Weeks,54,81251
Karen Cervantes,63,91419
Kamari Weiss,24,20132
Lennox Walker,25,37876
Luke Bridges,64,69267
Elora David,20,75835
Alonso Stokes,30,50316
Miranda Walls,59,77029
Larry Becker,29,48309
Laura Hansen,29,22645
Charlie Stout,55,15153
Chana Bean,28,93320
Mccoy Levy,45,17504
Flora Gentry,45,108405
Magnus Hinton,25,52459
Jaelynn Santiago,41,23446
Beckham Owens,35,107328
Amaya Cantu,32,12858
Anakin Pruitt,34,97119
Brylee Liu,40,109739
Pedro Moses,54,106126
Karter Faulkner,18,58394
Jabari Fuentes,59,97362
Madeleine Decker,42,91051
Taylor Hardy,65,108464
Jessica Santana,26,68955
Mohamed Cohen,38,14025
Destiny Cline,19,61978
Cullen Tanner,39,70658
Harmoni Fox,62,90290
Antonio Collins,57,61257
Kinsley Ortega,50,81482
Kobe Calhoun,49,40439
Thalia Cross,54,32814
Fabian Johns,64,85360
Giovanna Webb,53,75880
Lorenzo Arnold,42,56148
Finley Fox,43,55516
Antonio Weeks,58,39088
Karen Dawson,29,71071
Iker Herman,37,93606
Paulina Daugherty,37,57244
Turner Baxter,18,43770
Lara Reyes,23,90442
Eli Coffey,31,52428
Paola Adkins,36,11696
Kylo Gonzalez,45,56795
Abigail Patton,63,114365
Moises Woodard,40,99382
Aubrie Yates,41,36036
Braylon Butler,52,116689
Athena Erickson,27,37719
Johnny Cardenas,37,112815
Raven McMillan,54,59248
Rocky Joseph,37,40308
Gracelynn Vu,58,93111
Kamdyn Nguyen,46,108096
Nova Lowe,40,84835
Julius Steele,37,100500
Rylie Dean,29,10549
Ronan Le,46,57466
Myla Hale,61,86174
Ezequiel Davidson,24,67695
Jayla Maddox,31,98728
Lyric Wang,59,59879
Kailani Doyle,46,40266
Kashton Davis,26,102593
Mia Reyes,25,67149
Eli Salinas,43,51779
Royalty Gibbs,57,19184
Deacon Goodwin,27,23775
Shiloh Orr,65,24837
Benicio Maxwell,39,93650
Kyla Vang,62,78091
Jimmy Hull,39,80344
Andi Durham,38,67374
Kellen Kennedy,43,35996
Brianna McLean,42,56221
Crosby Randall,48,82684
Christina Shaffer,61,15349
Dexter Fleming,47,69735
Fatima Young,29,77521
Asher Kaur,23,117681
Holland Decker,34,42394
Taylor Skinner,65,114546
Mara Crosby,19,69216
Tristen Wood,56,24623
Natalia Hahn,52,98406
Kabir Meza,19,118026
Rosa Ochoa,56,107647
Winston McMillan,64,115021
Oakleigh Ballard,60,57649
Kenzo Singh,35,107375
Vivienne Osborne,26,33071
Augustus Cochran,39,69390
Alma Gilmore,42,26722
Vihaan Phelps,57,54578
Laney Baxter,45,94010
Tomas Bridges,51,60498
Elora Levy,47,93199
Harold Williamson,57,111526
Catherine Carroll,27,61677
Oscar Dominguez,41,112243
Raegan Galvan,44,23220
Kingsley McGuire,57,17316
April Fleming,60,104902
Fernando Franco,23,94353
Charleigh Prince,46,62574
Aron Ramsey,49,49982
Lyric Norton,41,75919
Callen Meza,44,11083
Rosa Donaldson,57,12909
Canaan O’Connor,30,81178
Charli Fields,29,41608
Clayton Todd,65,56604
Zariah Beck,47,27611
Eduardo Black,40,90616
Molly York,34,14188
Leandro Nicholson,23,47086
Justice Page,19,35513
Pablo Montgomery,64,119237
Evangeline Salinas,52,54460
Edgar Cortez,22,116088
Haven Atkins,51,56760
Cason Lyons,34,59491
Kenzie Salinas,29,47572
Edgar Walker,24,88703
Hazel Villanueva,27,78545
Huxley Beck,60,36912
Gia Beck,47,54371
Eduardo Coleman,36,57780
Julia Rivas,50,15196
Damon Moses,38,75323
Karter Fitzpatrick,48,23075
Blaze Armstrong,19,59037
Presley Woodard,52,113089
Westley Manning,23,118816
Jennifer Eaton,65,116660
Leighton Washington,46,70988
Valerie Ibarra,51,42050
Asa Lim,19,43095
Giavanna McCall,18,20196
Kiaan Ortega,38,113713
Lilah McCarty,63,11433
Blaise Silva,47,73411
Lucia Walker,58,69754
Luke Bush,33,65406
Everlee Thompson,52,82208
Theodore Beil,33,30307
Itzel Farley,55,118331
Graysen Conway,30,80651
Ryann Marshall,22,83200
Kaiden Simmons,64,12811
Reagan Mathews,32,21679
Jamir Estrada,26,80723
Sawyer Benitez,35,84044
Justice Bennett,20,26616
Josephine McGuire,55,92914
Casey Porter,51,91407
Ryleigh Gonzalez,32,68468
Ethan Skinner,51,117257
Mara Rosas,22,83426
Remi Owens,37,19543
Amaya Erickson,49,15103
Johnny Dillon,43,115744
Laurel Branch,32,110288
Keenan McIntosh,19,26142
Gwen Green,32,29737
Anthony Wiggins,43,78919
Capri Vo,24,70615
Gordon May,53,11456
Adriana Walsh,52,81044
Bodhi Esquivel,35,89859
Jaylee Francis,18,55356
Harvey Avila,30,119828
Amiyah Booker,18,55245
Dominik Herman,58,11932
Paulina Conway,20,68114
Orlando Butler,36,80683
Athena Hendrix,38,116447
Korbyn Dillon,41,83306
Laurel Patton,52,19711
Moises Ballard,49,60150
Alejandra Johnston,50,100967
Felix Bryan,61,112566
Meredith Long,19,99547
Jace Cunningham,27,113939
Marley Patterson,28,78137
Amir Gill,56,82785
Jordan Waters,30,111831
Maximilian Wall,26,73368
Jayda Sutton,61,54229
Warren Donaldson,54,64625
Natasha Lamb,21,51397
Kaysen Zamora,51,29782
Sierra Wade,26,112269
Jake Rodriguez,26,71873
Evelyn Russell,58,27075
Weston Perry,36,22111
Clara Delarosa,31,119695
Osiris Abbott,30,101700
Melany Leonard,65,71547
Ricardo Chandler,33,93213
Viviana Byrd,61,117683
Cristian Bradford,37,67026
Rhea Adams,24,109016
Hudson McGuire,21,83553
April George,41,53535
Mark Everett,61,101607
Noah Buchanan,51,98111
Enrique Aguilar,19,95395
Josie Montes,27,65752
Darren Watson,64,92261
Hailey Dean,29,28308
Ronan O’Connor,65,39271
Charli Molina,39,104319
Prince Walsh,49,109778
Leia Potts,37,114391
Alfred O’Connor,30,44767
Charli Sanchez,36,113964
Joseph Foster,32,16880
Brielle Burch,61,86757
Gerald Adkins,27,23120
Emelia Berry,45,90466
Adonis Tang,47,69942
Belle Best,35,100282
Harlem Roach,50,38346
Lyanna Fowler,45,77537
Kameron Robles,49,93389
Felicity Contreras,27,105328
Emilio Spence,18,111029
Aislinn Jenkins,49,94265
Declan Fuller,22,91077
Oakley Trejo,63,67451
Wesson Page,28,43492
Cataleya Dickson,37,36887
Maxton Barron,30,111097
Anya Coffey,28,63628
Kody Farmer,59,40320
Madelynn Hogan,24,105465
Sonny Patrick,31,12785
Lyra Murray,50,39917
Ashton Leonard,51,93377
Demi Jaramillo,18,46630
Riggs Parker,63,25961
Aubrey Fleming,40,13233
Fernando Gillespie,42,13091
Alianna Case,37,89450
Bentlee Schultz,30,106995
Briella Charles,62,90841
Conrad Berg,35,118814
Emmalyn Blake,26,67310
Zyaire Holt,18,82236
Adelynn Cross,47,87350
Fabian Edwards,47,65775
Ivy Petersen,53,83510
Samson Garrett,42,82570
Tessa Guzman,33,63415
Jude Davenport,46,112852
Adrianna Medrano,54,71179
Arian Sharp,24,109092
Camryn Mays,36,119417
Jadiel Perez,57,42438
Eleanor Mitchell,27,33348
Jaxon Charles,56,117717
Jenna Lynch,32,29421
Zane Carlson,40,20141
Kali Higgins,20,62963
Sterling Dickerson,30,14048
Opal Arnold,40,21845
Abraham Bowen,24,51368
Dream Mullen,55,45390
Shepard Carey,58,32402
Alora Harvey,51,58291
Cayden Norman,33,89898
Malani Reese,55,27169
Alijah Hall,55,40074
Leah Harrington,45,73281
Omari Logan,36,114441
Kora Jones,63,43054
William Cross,52,75146
Nayeli Barnett,57,59173
Stephen Shields,26,103346
Analia Ho,62,86884
Morgan Rhodes,27,38606
Tatum Fitzpatrick,62,14905
Blaze Benitez,39,43399
Aliza Reese,62,92843
Alijah Schroeder,36,48729
Cameron Harrell,28,102223
Nelson Walsh,65,68959
Leia Combs,39,72278
Ahmad Lambert,51,95000
Nina Ortiz,19,25839
Landon Donaldson,39,30939
Natasha Figueroa,21,18603
Spencer McCall,22,34331
Kai Xiong,28,46812
Azrael Schmidt,59,30013
Kimberly Gould,40,41675
Blaine Watson,26,95477
Hailey Noble,38,56216
Idris Contreras,57,99050
Daniela Dejesus,46,83707
Rio Kramer,57,48516
Hanna Whitehead,51,33448
Zayd Erickson,52,38092
Sabrina Ellison,20,94463
Kye Powers,20,103958
Michelle David,62,74599
Alonso Sherman,46,114191
Addilyn Sheppard,33,43632
Trent Adams,39,85381
Stella Harmon,20,48294
Roberto Villegas,38,62920
Jessie Myers,20,77870
Adam Solomon,40,12638
Mylah Hobbs,49,67472
Brendan Greer,41,84538
Reina Coleman,26,54254
Micah Frost,47,14585
Paula Payne,40,107679
Edward Rocha,28,117602
Emmie Dixon,45,37996
Camden Valdez,19,30361
Diana Black,19,97833
Matteo Quintero,64,70714
Keyla Harrell,44,53435
Nelson Person,21,28196
Dylan Curtis,46,62991
Muhammad Trevino,44,51078
Priscilla Bennett,38,100239
Leonardo McLaughlin,20,39392
Stephanie Keith,54,75354
Jagger Farmer,62,69915
Madelynn Blankenship,60,54522
Ernesto Bartlett,19,117313
Aubrielle Ware,28,20023
Tadeo Sawyer,45,89733
Marina Nixon,36,19297
Cory Levy,50,12232
Flora Moore,56,66961
Levi Mullins,45,84543
Maliyah Wright,25,29936
Grayson Welch,28,94024
Amira Green,20,111509
Anthony Mejia,51,101565
Saylor Hurst,18,91002
Neil Juarez,20,35313
Juliet Hendricks,55,82947
Dash Contreras,31,76725
Daniela Johnston,63,13959
Felix Watkins,23,35642
Lola Webb,23,63542
Lorenzo Yoder,61,109545
Emerie Rivas,52,117664
Damon Santiago,38,23718
Nyla Williamson,47,64325
Emerson Fuller,28,119905
Oakley Trujillo,31,44070
Apollo Roy,18,21678
Savanna Tapia,32,114706
Samir Weber,64,79939
Alayah Olson,23,77185
Malachi Huffman,54,78611
Hayley Payne,31,93521
Edward Hicks,58,113032
Alina McKenzie,23,83427
Scott Trujillo,55,116573
Danielle Barry,55,13024
Emery Howe,33,18920
Persephone Freeman,38,116111
Jayce O’Donnell,30,56972
Bellamy Leach,20,14906
Westin Bryant,30,87771
Parker Gomez,44,39516
Isaiah Kent,28,85965
Jazmine Parks,61,16067
Gianni Dorsey,45,96377
Addyson McDaniel,47,13914
Major Davila,26,60767
Rayne Alfaro,30,32290
Xzavier Richard,43,94247
Davina Stevens,38,11575
Zachary Herrera,65,61893
Ximena Wiley,29,23318
Mathew Welch,30,22441
Amira Cain,41,81068
Benson Russo,20,62974
Tinsley Rowe,41,46476
Kamden Flowers,33,19120
Ariya Swanson,45,85877
Hugo Potts,21,13902
Ellison Yoder,45,64233
Johan Beard,65,116936
Ezra Palacios,47,72437
Thaddeus Reynolds,46,13690
Isabelle McKay,28,99654
Joey Kirby,64,87272
Skyla Leblanc,37,14526
Braden Davidson,47,112431
Jayla Mora,60,79924
Arturo Tanner,49,75455
Harmoni Odom,18,95437
Kylian Turner,57,55862
Brooklyn Meyer,32,71942
Tristan Austin,64,68224
Alivia Parks,34,50663
Gianni Munoz,19,112532
Kehlani Wilkins,63,58396
Yusuf Garner,53,98344
Jacqueline Rush,55,25442
Kaiser Wolf,38,86589
Jolene Wiley,49,28215
Mathew Portillo,32,72629
Nathalie Fowler,47,27469
Kameron Patton,32,114986
Lorelei Silva,26,23222
Luka Davis,33,66780
Mia Cross,24,85388
Fabian Bell,54,108679
Melody Marsh,51,83785
Bo Hayes,47,86930
Iris Ventura,40,107332
Branson Harris,47,82600
Penelope Leblanc,58,76064
Braden Browning,46,17692
Princess Arias,28,73755
Alec Moyer,37,118148
Zola Bartlett,40,73029
Kace Ruiz,64,115299
